City proper/metropolitan area,Country/region,Official est. GDPup (billion US$),Official est. GDPup to date (billion US$),Metropolitanpopulation2,Metropolitanpopulation Year
A Coruña metropolitan area,Spain,28.819,2020,1121815,2020
Aachen,Germany,24.296,2020,249070,2021
Aalborg,Denmark,31.855,2021,219487,2021
Aarhus,Denmark,54.927,2021,352751,2021
"Abbotsford, British Columbia",Canada,6.239,2020,203907,2020
"Aberdeen, Scotland",United Kingdom,23,2020,489840,2020
Abidjan,Ivory Coast,27,2017,5600000,2020
"Abilene, TX MSA",United States,9.469,2022,179308,2022
Abu Dhabi metropolitan area,United Arab Emirates,278,2023,1740000,2023
Adelaide,Australia,64.461,2018-19,1344368,2018-19
Ahmedabad,India,68,2023,9300000,2023
Aix-Marseille-Provence Metropolis,France,135.038,2021,1680000,2021
"Akron, OH MSA",United States,44.562,2022,697627,2022
"Albany-Lebanon, OR MSA",United States,6.108,2022,130467,2022
"Albany-Schenectady-Troy, NY MSA",United States,80.303,2022,904617,2022
"Albany, GA MSA",United States,7.312,2022,145786,2022
"Albuquerque, NM MSA",United States,53.862,2022,919543,2022
Alexandria,Egypt,36,2021,5950000,2021
"Alexandria, LA MSA",United States,7.46,2022,149189,2022
Alicante metropolitan area,Spain,38.851,2020,1915282,2020
"Allentown-Bethlehem-Easton, PA-NJ MSA",United States,54.323,2022,871229,2022
Almaty,Kazakhstan,41.485,2022,2250000,2022
"Altoona, PA MSA",United States,7.238,2022,121032,2022
Alxa League,China,4.419,2020,262361,2020
"Amarillo, TX MSA",United States,17.376,2022,271171,2022
"Ames, IA MSA",United States,8.104,2021,125767,2021
Amiens,France,19.418,2021,304331,2021
Amsterdam metropolitan area,Netherlands,237.841,2022,2500000,2022
Anápolis,Brazil,6.74,2011,334623,2010
"Anchorage, AK MSA",United States,31.57,2022,400470,2022
Angers Loire Métropole,France,29.379,2021,394256,2021
Ankara,Turkey,74.83,2021,5150000,2021
"Ann Arbor, MI MSA",United States,30.556,2022,366376,2022
Annecy,France,29.98,2021,183697,2021
"Anniston-Oxford, AL MSA",United States,5.466,2022,115788,2022
Anshan,China,80.968,2020,2625000,2020
Antwerp metropolitan area,Belgium,66.063,2021,1230000,2021
"Appleton, Wisconsin metropolitan area",United States,16.977,2022,244845,2022
Arnhem–Nijmegen metropolitan area,Netherlands,34.621,2021,774506,2022
"Asheville, NC MSA",United States,26.228,2022,476072,2022
Astana,Kazakhstan,23.115,2022,1350228,2022
Asturias metropolitan area,Spain,27.152,2022,1009088,2022
Athens Metropolitan Area,Greece,85.809,2020,3350000,2020
"Athens-Clarke County, GA MSA",United States,12.628,2022,220405,2022
"Atlanta-Sandy Springs-Alpharetta, GA MSA",United States,525.888,2022,6222106,2022
"Atlantic City-Hammonton, NJ MSA",United States,16.851,2022,275638,2022
"Auburn-Opelika, AL MSA",United States,8.256,2022,180773,2022
Auckland,New Zealand,81.227,2022,1470000,2022
"Augusta-Richmond County, GA-SC MSA",United States,34.185,2022,624083,2022
"Austin-Round Rock-San Marcos, TX MSA",United States,222.054,2022,2421115,2022
"Bakersfield, CA MSA",United States,57.541,2022,916108,2022
Balikpapan-Samarinda Metropolitan,Indonesia,29.901,2021,2621877,2021
Ballarat,Australia,4.46,2018-19,108491,2018-19
"Baltimore-Columbia-Towson, MD MSA",United States,241.399,2022,2835672,2022
Bandung Metropolitan,Indonesia,38.29,2021,7050000,2021
Bangkok Metropolitan Region,Thailand,252.128,2022,19900000,2022
"Bangor, ME MSA",United States,8.551,2022,153704,2022
Banjarmasin Metropolitan,Indonesia,6.017,2021,2164485,2021
Baotou,China,40.412,2020,2225000,2020
Barcelona metropolitan area,Spain,182.524,2020,4775000,2020
"Barnstable Town, MA MSA",United States,16.351,2022,232457,2022
Barrie,Canada,6.453,2020,218377,2020
Batam Metropolitan,Indonesia,16.006,2021,1450000,2021
"Baton Rouge, LA MSA",United States,62.951,2022,873060,2022
"Battle Creek, MI MSA",United States,7.728,2022,133289,2022
"Bay City, MI MSA",United States,4.592,2022,102821,2022
"Beaumont-Port Arthur, TX MSA",United States,29.007,2022,393575,2022
"Beckley, WV MSA",United States,5.187,2021,113724,2021
Belfast,United Kingdom,25.5,2015,671559,2011
Belgrade,Serbia,25.31,2021,1430000,2021
"Belleville, Ontario",Canada,3.814,2020,113045,2020
"Bellingham, WA MSA",United States,19.595,2022,230677,2022
Belo Horizonte,Brazil,54.996,2011,4744599,2010
"Bend, OR MSA",United States,13.878,2022,206549,2022
Bendigo,Australia,3.961,2018-19,99416,2018-19
Bengaluru,India,110,2023,13700000,2023
Bergamo metropolitan area,Italy,40.539,2020,1102286,2020
Berlin/Brandenburg Metropolitan Region,Germany,271.818,2021,4750000,2021
Bhopal,India,5.35,2023,2600000,2023
Bielefeld,Germany,16.19,2020,591862,2021
Bielsko-Biała,Poland,10.147,2020,169756,2020
Bilbao metropolitan area,Spain,37.568,2020,1014366,2020
"Billings, MT MSA",United States,13.208,2022,190208,2022
"Binghamton, NY MSA",United States,12.659,2022,244889,2022
Birmingham,United Kingdom,39.1,2020,3150000,2020
"Birmingham-Hoover, AL MSA",United States,79.098,2022,1116857,2022
"Bismarck, ND MSA",United States,8.881,2022,134846,2022
"Blacksburg-Christiansburg, VA MSA",United States,9.06,2022,165812,2022
"Bloomington, IL MSA",United States,14.431,2022,171141,2022
"Bloomington, IN MSA",United States,9.085,2022,161227,2022
"Bloomsburg-Berwick, PA MSA",United States,5.205,2022,83017,2022
Bocholt metropolitan area,Germany,16.488,2020,71074,2021
"Boise, ID MSA",United States,49.947,2022,811336,2022
Bologna metropolitan area,Italy,45.648,2020,1017225,2020
Bordeaux,France,73.813,2021,1100000,2021
"Boston-Cambridge-Newton, MA-NH MSA",United States,504.167,2022,4900550,2022
"Boulder, CO MSA",United States,35.608,2022,327468,2022
"Bowling Green, KY MSA",United States,9.794,2022,185682,2022
Brantford,Canada,4.58,2020,151620,2020
Brasília,Brazil,65.338,2015,3548438,2017
Brașov,Romania,8.472,2020,371802,2021
Bratislava metropolitan area,Slovakia,33.072,2021,719537,2021
Breda,Netherlands,33.23,2020,324812,2014
Bremen,Germany,56.517,2020,1000000,2020
"Bremerton-Silverdale-Port Orchard, WA MSA",United States,15.477,2022,277673,2022
Brescia metropolitan area,Italy,46.603,2020,1250527,2020
Brest Métropole,France,32.956,2021,381226,2021
"Bridgeport-Stamford-Norwalk, CT MSA",United States,104.368,2022,962946,2022
Brisbane,Australia,177,2018-19,2388038,2018-19
Bristol,United Kingdom,22.3,2020,465866,2020
Brno,Czech Republic,30.963,2021,398510,2021
"Brownsville-Harlingen, TX MSA",United States,14.259,2022,425208,2022
"Brunswick, GA MSA",United States,5.933,2022,114442,2022
Brussels metropolitan area,Belgium,237.08,2022,2725000,2022
Bucharest Metropolitan Area,Romania,78.052,2021,2200000,2021
Budapest metropolitan area,Hungary,86.93,2021,2625000,2021
"Buffalo-Niagara Falls, NY MSA",United States,84.673,2022,1161192,2022
"Burlington-South Burlington, VT MSA",United States,17.478,2022,227521,2022
"Burlington, NC MSA",United States,7.889,2022,176353,2022
Bursa,Turkey,33.641,2021,2125000,2021
Busan-Gyeongnam Area,South Korea,252.145,2022,5115000,2022
Bydgoszcz–Toruń metropolitan area,Poland,12.417,2020,752655,2019
Cádiz-Jerez metropolitan area,Spain,22.971,2020,639560,2022
Caen,France,25.054,2021,395885,2021
Cairns,Australia,10.709,2018-19,153951,2019
Calgary Metropolitan Region,Canada,76.548,2020,1542956,2020
"California-Lexington Park, MD MSA",United States,8.849,2022,114877,2022
Campinas,Brazil,40.525,2011,1874487,2011
Campo Grande,Brazil,9.59,2013,786797,2010
Campos dos Goytacazes,Brazil,5.358,2016,511168,2020
Canberra,Australia,30.909,2018-19,465118,2018-19
"Canton-Massillon, OH MSA",United States,22.88,2022,399316,2022
"Cape Coral-Fort Myers, FL MSA",United States,44.629,2022,822453,2022
"Cape Girardeau, MO-IL MSA",United States,5.282,2022,98275,2022
Cape Town,South Africa,56.3,2022,4375000,2022
Caracas,Venezuela,70,2012,1942652,2011
"Carbondale-Marion, IL MSA",United States,6.801,2022,132693,2022
Cardiff-Newport,United Kingdom,49.5,2020,1552527,2020
"Carson City, NV MSA",United States,4.285,2022,58130,2022
Casablanca,Morocco,47,2022,4625000,2022
"Casper, WY MSA",United States,6.273,2022,79601,2022
"Cedar Rapids, IA MSA",United States,22.009,2022,275592,2022
Central German Metropolitan Region,Germany,109.582,2020,2411051,2020
"Chambersburg-Waynesboro, PA MSA",United States,7.457,2022,156902,2022
"Champaign-Urbana, IL MSA",United States,14.328,2022,223265,2022
Chandigarh,India,6,2023,2575000,2023
Changchun,China,96.24,2020,3700000,2020
Changde,China,54.355,2020,1160000,2020
Changji Prefecture,China,20.113,2020,1613585,2020
Changsha,China,208,2022,10420600,NaN
Charleroi,Belgium,16.93,2021,396820,2021
"Charleston-North Charleston, SC MSA",United States,56.933,2022,830529,2022
"Charleston, WV MSA",United States,14.891,2022,251914,2022
"Charlotte-Concord-Gastonia, NC-SC MSA",United States,228.913,2022,2756069,2022
"Charlottesville, VA MSA",United States,17.19,2022,223825,2022
"Chattanooga, TN-GA MSA",United States,40.042,2022,574507,2022
Chengdu,China,260.409,2023,16600000,2023
Chennai,India,128.3,2023,12200000,2023
"Cheyenne, WY MSA",United States,7.545,2022,100723,2022
"Chicago–Naperville, IL–IN–WI CSA",United States,832.899,2022,9806184,2022
"Chico, CA MSA",United States,11.077,2022,207303,2022
Chittagong,Bangladesh,25.5,2019,4925000,2020
Chongqing,China,407.562,2022,10100000,2022
Chuzhou,China,43.96,2020,3937868,2020
"Cincinnati, OH-KY-IN MSA",United States,186.141,2022,2265051,2022
"Clarksville, TN-KY MSA",United States,16.209,2022,336605,2022
Clermont-Ferrand,France,26.492,2021,362578,2021
"Cleveland-Elyria, OH MSA",United States,162.788,2022,2063132,2022
"Cleveland, TN MSA",United States,6.296,2022,128479,2022
Cluj-Napoca,Romania,13.155,2020,286598,2021
Cocos (Keeling) Islands,Cocos (Keeling) Islands,0.011,2010,561,2011
"Coeur d'Alene, ID MSA",United States,9.609,2022,183578,2022
Coimbatore,India,42,2023,2925000,2023
Coimbra,Portugal,9.837,2021,140796,2021
"College Station-Bryan, TX MSA",United States,18.181,2022,277824,2022
"Colorado Springs, CO MSA",United States,47.905,2022,765424,2022
"Columbia, MO MSA",United States,12.514,2022,214630,2022
"Columbia, SC MSA",United States,54.072,2022,847686,2022
"Columbus, GA-AL MSA",United States,17.038,2022,324110,2022
"Columbus, IN MSA",United States,7.979,2022,83540,2022
"Columbus, OH MSA",United States,169.123,2022,2161511,2022
Communauté d'agglomération Nîmes Métropole,France,23.471,2021,564024,2021
Communauté d'agglomération Pau Béarn Pyrénées,France,26.427,2021,311949,2021
Constanța,Romania,9.159,2020,263688,2021
Copenhagen metropolitan area,Denmark,179.846,2021,1690000,2021
Córdoba metropolitan area,Spain,14.929,2020,326039,2020
"Corpus Christi, TX MSA",United States,28.228,2022,421628,2022
"Corvallis, OR MSA",United States,5.443,2022,97630,2022
Coventry,United Kingdom,13.9,2020,379387,2020
"Crestview-Fort Walton Beach-Destin, FL MSA",United States,21.491,2022,299786,2022
"Cumberland, MD-WV MSA",United States,4.342,2022,94122,2022
Curitiba,Brazil,58.082,2011,3054076,2010
Daegu,South Korea,50.4,2022,2750000,2022
Daejeon,South Korea,40,2022,1540000,2022
Dalian,China,125,2022,5050000,2022
"Dallas-Fort Worth-Arlington, TX MSA",United States,688.928,2022,7943685,2022
"Dalton, GA MSA",United States,8.726,2022,143604,2022
"Danville, IL MSA",United States,3.946,2022,72337,2022
"Daphne-Fairhope-Foley, AL MSA",United States,10.811,2022,246435,2022
Daqing,China,33.362,2020,1620000,2020
Dar es Salaam,Tanzania,10.4,2019,6450000,2020
"Davenport-Moline-Rock Island, IA-IL MSA",United States,25.774,2022,379374,2022
"Dayton, OH MSA",United States,41.111,2022,812595,2022
"Decatur, AL MSA",United States,8.038,2022,157425,2022
"Decatur, IL MSA",United States,8.181,2022,101483,2022
"Deltona-Daytona Beach-Ormond Beach, FL MSA",United States,28.134,2022,705897,2022
Denpasar Metropolitan,Indonesia,9.941,2021,1580000,2021
"Denver-Aurora-Lakewood, CO MSA",United States,288.8,2022,2985871,2022
"Des Moines-West Des Moines, IA MSA",United States,67.334,2022,729053,2022
"Detroit-Warren-Dearborn, MI Metropolitan Statistical Area",United States,305.412,2022,4345761,2022
Deyang,China,34.855,2020,3456161,2020
Dijon Métropole,France,23.472,2021,368440,2021
Dongying,China,43.222,2020,2193518,2020
"Dothan, AL MSA",United States,8.41,2022,152517,2022
"Dover, DE MSA",United States,9.92,2022,186946,2022
Dresden,Germany,50.788,2020,1343747,2020
Dubai-Sharjah-Ajman metropolitan area,United Arab Emirates,202.8,2022,6050000,2022
"Dubuque, IA MSA",United States,8.184,2022,98677,2022
"Duluth, MN-WI MSA",United States,16.822,2022,291323,2022
Durban,South Africa,64.7,2022,3525000,2022
"Durham-Chapel Hill, NC MSA",United States,63.95,2022,664310,2022
"East Stroudsburg, PA MSA",United States,10.009,2022,167198,2022
"Eau Claire, WI MSA",United States,10.839,2022,173644,2022
Edinburgh,United Kingdom,32.9,2020,527620,2020
Edmonton Metropolitan Region,Canada,65.23,2020,1467219,2020
Eindhoven,Netherlands,48.257,2020,300751,2020
"El Centro, CA MSA",United States,11.064,2022,178713,2022
"El Paso, TX MSA",United States,43.283,2022,872195,2022
"Elizabethtown-Fort Knox, KY MSA",United States,7.5,2022,157026,2022
"Elkhart-Goshen, IN MSA",United States,21.094,2022,206890,2022
"Elmira, NY MSA",United States,4.337,2022,81426,2022
"Enid, OK MSA",United States,3.319,2022,61920,2022
Enschede,Netherlands,27.337,2020,315807,2014
Erfurt,Germany,20.347,2020,213227,2021
"Erie, PA MSA",United States,13.171,2022,267689,2022
"Eugene-Springfield, OR MSA",United States,20.913,2022,382353,2022
European Metropolis of Lille,France,101.806,2021,1300000,2021
"Evansville, IN-KY MSA",United States,25.278,2022,314038,2022
Ezhou,China,14.574,2020,1079353,2020
"Fairbanks, AK MSA",United States,6.804,2022,95356,2022
Faisalabad,Pakistan,43,2013,3204704,2017
Fangchenggang,China,10.624,2020,1046068,2020
"Fargo, ND-MN MSA",United States,18.792,2022,258663,2022
"Farmington, NM MSA",United States,6.594,2022,120418,2022
"Fayetteville-Springdale-Rogers, AR MSA",United States,37.749,2022,576403,2022
"Fayetteville, NC MSA",United States,25.96,2022,529318,2022
"Flagstaff, AZ MSA",United States,9.08,2022,144060,2022
Flensburg,Germany,10.839,2020,113800,2021
"Flint, MI MSA",United States,17.635,2022,401983,2022
"Florence-Muscle Shoals, AL MSA",United States,6.54,2022,153911,2022
"Florence, SC MSA",United States,11.807,2022,199119,2022
"Fond du Lac, WI MSA",United States,6.203,2022,103836,2022
"Fort Collins, CO MSA",United States,25.923,2022,366778,2022
"Fort Smith, AR-OK MSA",United States,12.024,2022,247072,2022
"Fort Wayne, IN MSA",United States,28.565,2022,426076,2022
Fort-de-France,France,10.741,2021,74921,2021
Fortaleza,Brazil,21.7,2012,3326820,2010
Freiburg im Breisgau,Germany,30.404,2020,656753,2021
"Fresno, CA MSA",United States,55.427,2022,1015190,2022
Fukuoka–Kitakyushu,Japan,182.952,2019,4750000,2020
Fuzhou,China,183,2022,4450000,2022
"Gadsden, AL MSA",United States,3.489,2022,103088,2022
"Gainesville, FL MSA",United States,19.655,2022,348282,2022
"Gainesville, GA MSA",United States,15.264,2022,212692,2022
Gdansk metropolitan area,Poland,23.448,2020,1098379,2021
Geelong,Australia,8.725,2018-19,271848,2018-19
Geneva,Switzerland,55.423,2020,506343,2020
George Town,Malaysia,27.535,2022,2050000,2022
"Gettysburg, PA MSA",United States,4.429,2022,106027,2022
Ghent metropolitan area,Belgium,39.015,2021,561524,2021
Gibraltar,Gibraltar,3.265,2022,32688,2022
Gladstone,Australia,4.464,2018-19,45130,2018
Glasgow,United Kingdom,67.7,2020,1680000,2020
"Glens Falls, NY MSA",United States,8.034,2022,126440,2022
Goiânia,Brazil,22.763,2011,2078438,2011
Gold Coast,Australia,26.669,2018-19,679127,2018
"Goldsboro, NC MSA",United States,6.049,2022,117286,2022
Gothenburg,Sweden,104.766,2021,1051345,2020
Granada metropolitan area,Spain,18.091,2020,495900,2020
Grand Besançon Métropole,France,19.018,2021,197494,2021
"Grand Forks, ND-MN MSA",United States,6.58,2022,103144,2022
"Grand Island, NE MSA",United States,5.387,2022,76333,2022
"Grand Junction, CO MSA",United States,8.218,2022,158636,2022
Grand Poitiers communauté urbaine,France,15.217,2021,266160,2021
"Grand Rapids-Kentwood, MI MSA",United States,77.296,2022,1094198,2022
Grand Reims,France,23.619,2021,297068,2021
"Grants Pass, OR MSA",United States,3.658,2022,87730,2022
Graz,Austria,32.416,2020,351369,2021
"Great Falls, MT MSA",United States,4.781,2022,84864,2022
Greater Buenos Aires,Argentina,235.6,2023,16700000,2023
Greater Cairo,Egypt,190.2,2021,21500000,2021
Dhaka,Bangladesh,258.2,2022,20900000,2022
Greater Dublin Area,Ireland,272.454,2022,1420000,2022
Greater Helsinki,Finland,125.166,2022,1500000,2022
Greater Manchester,United Kingdom,108,2021,3075000,2021
Greater Manila Area,Philippines,162.3,2022,26400000,2022
Greater Mexico City,Mexico,340.8,2022,24700000,2022
Greater Montreal,Canada,170.53,2020,4336487,2020
Greater São Paulo,Brazil,314.5,2022,22700000,2022
Greater Sudbury,Canada,7.242,2020,172476,2020
Greater Tokyo Area,Japan,2080.758,2020,40400000,2020
Greater Toronto and Hamilton Area,Canada,349.201,2020,7281694,2021
Greater Vancouver,Canada,122.113,2020,2743765,2020
"Greeley, CO MSA",United States,27.344,2022,350176,2022
"Green Bay, WI MSA",United States,24.565,2022,330292,2022
"Greensboro-High Point, NC MSA",United States,49.029,2022,784101,2022
"Greenville-Anderson, SC MSA",United States,57.403,2022,958958,2022
"Greenville, NC MSA",United States,10.921,2022,173542,2022
Grenoble metropolitan area,France,53.606,2021,760823,2021
Groningen,Netherlands,22.301,2020,232874,2020
Guadalajara,Mexico,65.8,2023,5750000,2023
Shenzhen,China,455.694,2022,14678000,2022
Guangzhou,China,429,2022,18676000,2022
Tianjin,China,243,2022,11200000,2022
Suzhou,China,356,2022,12748000,2022
Ningbo,China,234,2022,6850000,2022
Foshan,China,189,2022,9499000,2022
Nantong,China,169,2022,3125000,2022
Dongguan,China,167,2022,10466000,2022
Changzhou,China,142,2022,5278000,2022
Guelph,Canada,7.891,2020,167658,2020
Guiyang,China,62.511,2020,3300000,2020
Gujranwala,Pakistan,15.681,2016,5011066,2017
"Gulfport-Biloxi, MS MSA",United States,23.511,2022,420782,2022
Gwangju,South Korea,36,2022,1630000,2022
"Hagerstown-Martinsburg, MD-WV MSA",United States,13.99,2022,302510,2022
Haifa,Israel,25.082,2019,1050000,2019
Haixi Prefecture,China,8.986,2020,468216,2020
"Halifax, Nova Scotia",Canada,18.228,2020,450910,2020
Hamamatsu,Japan,54.3,2010,800866,2010
Hamburg Metropolitan Region,Germany,261.306,2020,2875000,2020
Hami,China,8.814,2020,673383,2020
"Hammond, LA MSA",United States,5.447,2022,137048,2022
"Hanford-Corcoran, CA MSA",United States,8.146,2022,152981,2022
Hangzhou,China,279,2022,11936010,2020
Hannover–Braunschweig–Göttingen–Wolfsburg Metropolitan Region,Germany,186.167,2020,3845271,2015
Hanoi,Vietnam,42.04,2019,8053663,2019
Harbin,China,94.1,2017,10009854,2020
"Harrisburg-Carlisle, PA MSA",United States,47.815,2022,603493,2022
"Harrisonburg, VA MSA",United States,10.226,2022,136555,2022
"Hartford-East Hartford-Middletown, CT MSA",United States,114.887,2022,1221725,2022
"Hattiesburg, MS MSA",United States,7.901,2022,173359,2022
Hefei,China,179,2022,7150000,2022
Heidelberg,Germany,34.067,2020,1544830,2020
"Hickory-Lenoir-Morganton, NC MSA",United States,18.281,2022,368347,2022
"Hilton Head Island-Bluffton, SC MSA",United States,12.497,2022,228410,2022
"Hinesville, GA MSA",United States,4.768,2022,86378,2022
Hiroshima,Japan,61.3,2010,2860750,2010
Ho Chi Minh City metropolitan area,Vietnam,96.399,2022,10900000,2022
Hobart,Australia,11.388,2018-19,218874,2018-19
Hohhot,China,40.605,2020,1870000,2020
"Homosassa Springs, FL MSA",United States,5.664,2022,162529,2022
Hong Kong,China,406.775,2024,7588000,2024
"Hot Springs, AR MSA",United States,4.2,2022,100089,2022
"Houma-Thibodaux, LA MSA",United States,10.812,2022,200656,2022
"Houston-The Woodlands-Sugar Land, TX MSA",United States,633.184,2022,7340118,2022
Hsinchu,Taiwan,11.98,2016,448207,2020
Huai'an,China,58.361,2020,1980000,2020
"Huntington-Ashland, WV-KY-OH MSA",United States,18.046,2022,354304,2022
"Huntsville, AL MSA",United States,38.101,2022,514465,2022
Hyderabad,India,74,2023,11100000,2023
Iași,Romania,8.682,2020,423154,2021
"Idaho Falls, ID MSA",United States,11.248,2022,165608,2022
"Indianapolis-Carmel-Anderson, IN MSA",United States,184.394,2022,2141779,2022
Indore,India,8.1,2020-21,3175000,2020
Innsbruck,Austria,15.921,2020,228866,2021
"Iowa City, IA MSA",United States,12.9,2022,178991,2022
Iserlohn,Germany,16.739,2020,91873,2021
Istanbul metropolitan area,Turkey,275.365,2022,16500000,2022
"Ithaca, NY MSA",United States,7.274,2022,104777,2022
İzmir,Turkey,51.46,2021,3050000,2021
"Jackson, MI MSA",United States,7.99,2022,160066,2022
"Jackson, MS MSA",United States,34.043,2022,583197,2022
"Jackson, TN MSA",United States,10.814,2022,181579,2022
"Jacksonville, FL MSA",United States,117.162,2022,1675668,2022
"Jacksonville, NC MSA",United States,10.737,2022,207298,2022
Jaipur,India,15,2021,4050000,2021
Jakarta metropolitan area,Indonesia,323.03,2022,28600000,2022
"Janesville-Beloit, WI MSA",United States,9.277,2022,164060,2022
Jeddah,Saudi Arabia,138.97,2022,5300000,2022
"Jefferson City, MO MSA",United States,9.698,2022,150350,2022
Jerusalem,Israel,48,2015,1008400,2013
Jiayuguan,China,4.083,2020,312663,2020
Jinan,China,179,2022,6200000,2022
Jinchang,China,5.199,2020,438026,2020
Beijing,China,618.648,2022,20500000,2022
Jingmen,China,27.64,2020,2596927,2020
Jiujiang,China,46.981,2020,4600276,2020
Johannesburg,South Africa,134.682,2022,8400042,2022
"Johnson City, TN MSA",United States,9.943,2022,210256,2022
"Johnstown, PA MSA",United States,5.499,2022,131441,2022
"Jonesboro, AR MSA",United States,7.016,2022,135512,2022
"Joplin, MO MSA",United States,9.407,2022,184086,2022
Jundiaí,Brazil,20.081,2011,698679,2010
Kabul,Afghanistan,6,NaN,4800000,2023
Kagoshima,Japan,53,2019,1588256,2020
"Kahului-Wailuku-Lahaina, HI MSA",United States,11.649,2022,164351,2022
Kaiserslautern,Germany,9.577,2020,124300,2021
"Kalamazoo-Portage, MI MSA",United States,18.786,2022,261173,2022
"Kankakee, IL MSA",United States,8.32,2022,106074,2022
"Kansas City, MO-KS MSA",United States,169.501,2022,2209494,2022
Kaohsiung,Taiwan,58.071,2016,2775000,2020
Karachi,Pakistan,176.2,2022,18600000,2022
Karamay,China,12.858,2020,490348,2020
Karlsruhe,Germany,43.054,2020,504030,2020
Kassel,Germany,19.433,2020,340200,2021
Katowice metropolitan area,Poland,52.713,2021,2325000,2021
Kaunas urban area,Lithuania,14.406,2022,298753,2021
Kelowna,Canada,8.401,2020,223529,2020
"Kennewick-Richland, WA MSA",United States,19.553,2022,311469,2022
Kiel,Germany,26.831,2020,325300,2021
Kielce,Poland,9.144,2020,192468,2021-18
"Killeen-Temple, TX MSA",United States,24.105,2022,496228,2022
"Kingsport-Bristol, TN-VA MSA",United States,17.596,2022,311272,2022
"Kingston, NY MSA",United States,9.053,2022,182319,2022
"Kingston, Ontario",Canada,6.873,2020,176176,2020
"Kitchener, Ontario",Canada,24.529,2020,593397,2020
"Knoxville, TN MSA",United States,58.893,2022,907968,2022
Koblenz,Germany,17.01,2020,113638,2021
"Kokomo, IN MSA",United States,5.079,2022,83574,2022
Kolkata,India,160.2,2022,17200000,2022
"Konstanz, metropolitan area",Germany,12.212,2020,288097,2021
Košice,Slovakia,14.243,2021,228249,2021
Kraków metropolitan area,Poland,29.165,2020,1498499,2020
Kuala Lumpur,Malaysia,59.831,2019,8900000,2020
Kumamoto,Japan,39.8,2010,1817426,2010
Kunming,China,97.628,2020,4250000,2020
Kuwait City,Kuwait,118,2020,4750000,2020
Kyiv,Ukraine,27.5,2020,3475000,2020
Kyoto–Osaka–Kobe,Japan,699.474,2022,17700000,2022
"La Crosse-Onalaska, WI-MN MSA",United States,9.693,2022,139094,2022
"Lafayette-West Lafayette, IN MSA",United States,14.002,2022,226452,2022
"Lafayette, LA MSA",United States,24.996,2022,481125,2022
Lagos metropolitan area,Nigeria,102.01,2021,20100000,2021
Lahore,Pakistan,40,2022,13900000,2022
"Lake Charles, LA MSA",United States,18.574,2022,207320,2022
"Lake Havasu City-Kingman, AZ MSA",United States,7.715,2022,220816,2022
"Lakeland-Winter Haven, FL MSA",United States,37.305,2022,787404,2022
"Lancaster, PA MSA",United States,36.312,2022,556629,2022
"Lansing-East Lansing, MI MSA",United States,32.633,2022,540870,2022
"Laredo, TX MSA",United States,17.01,2022,267780,2022
"Las Cruces, NM MSA",United States,9.336,2022,223337,2022
Las Palmas metropolitan area,Spain,16.93,2020,556159,2020
"Las Vegas-Henderson-Paradise, NV MSA",United States,160.728,2022,2322985,2022
Launceston,Australia,3.961,2018-19,89532,2018-19
"Lawrence, KS MSA",United States,6.176,2022,119964,2022
"Lawton, OK MSA",United States,6.198,2022,128523,2022
Le Mans Métropole,France,18.533,2021,267560,2021
"Lebanon, PA MSA",United States,7.51,2022,144011,2022
Leeds,United Kingdom,37.1,2020,2175000,2020
Leeuwarden metropolitan area,Netherlands,11.749,2020,124084,2020
Leiden,Netherlands,18.472,2020,270225,2018
Les Abymes,France,10.807,2020,52118,2021
Lethbridge,Canada,5.059,2020,128795,2020
"Lewiston-Auburn, ME MSA",United States,6.001,2022,113023,2022
"Lewiston, ID-WA MSA",United States,3.641,2022,65512,2022
"Lexington-Fayette, KY MSA",United States,35.67,2022,517916,2022
Lhasa,China,9.832,2020,867891,2020
Lianyungang,China,47.512,2020,1150000,2020
Liège,Belgium,31.085,2021,500903,2021
Lima,Peru,114.4,2023,11600000,2023
"Lima, OH MSA",United States,10.789,2022,101115,2022
Limoges metropolitan area,France,12.558,2021,296099,2021
"Lincoln, NE MSA",United States,25.459,2022,342448,2022
Linz,Austria,43.918,2020,271234,2020
Lisbon metropolitan area,Portugal,103.33,2021,2500000,2021
"Little Rock-North Little Rock-Conway, AR MSA",United States,47.322,2022,757615,2022
Liuzhou,China,46.06,2020,2000000,2020
Liverpool,United Kingdom,21.9,2021,1880000,2021
Ljubljana,Slovenia,23.937,2021,294464,2021
Łódź metropolitan area,Poland,21.779,2021,1112069,2011
"Logan, UT-ID MSA",United States,8.009,2022,155362,2022
London metropolitan area,United Kingdom,978.402,2022,14800000,2022
"London, Ontario",Canada,20.818,2020,550605,2020
"Longview, TX MSA",United States,20.259,2022,291219,2022
"Longview, WA MSA",United States,6.626,2022,111956,2022
Longyan,China,41.623,2020,2723637,2020
"Los Angeles–Long Beach, CA CSA",United States,1566.296,2022,18372485,2022
"Louisville/Jefferson County, KY-IN MSA",United States,90.836,2022,1284553,2022
"Lubbock, TX MSA",United States,18.116,2022,328283,2022
Lublin,Poland,10.065,2020,664000,2021
Lucknow,India,3.83,2023,4000000,2023
Luoyang,China,74.352,2020,2550000,2020
Luxembourg metropolitan area,Luxembourg,85.503,2021,643941,2021
"Lynchburg, VA MSA",United States,12.464,2022,263613,2022
Maanshan,China,31.706,2020,2159930,2020
Macao,China,54.677,2024,692000,2024
Mackay,Australia,6.54,2018-19,80148,2018
"Macon-Bibb County, GA MSA",United States,12.76,2022,233916,2022
"Madera, CA MSA",United States,7.738,2022,160256,2022
"Madison, WI MSA",United States,60.909,2022,687077,2022
Madrid Metropolitan Area,Spain,277.508,2021,6700000,2021
Magdeburg,Germany,18.25,2020,295200,2021
Makassar Metropolitan,Indonesia,17.052,2021,1920000,2021
Málaga metropolitan area,Spain,32.26,2020,1030000,2020
Malmö,Sweden,64.427,2020,748433,2020
Manado Metropolitan,Indonesia,5.487,2021,1008126,2021
Manaus,Brazil,30.375,2014,1802014,2010
"Manchester-Nashua, NH MSA",United States,34.533,2022,426594,2022
"Manhattan, KS MSA",United States,8.457,2022,133072,2022
"Mankato, MN MSA",United States,6.831,2022,104072,2022
"Mansfield, OH MSA",United States,5.494,2022,125319,2022
Mataram  Metropolitan,Indonesia,5.491,2021,3808908,2021
"McAllen-Edinburg-Mission, TX MSA",United States,27.685,2022,888367,2022
Medan Metropolitan,Indonesia,28.248,2021,4075000,2021
Medellín,Colombia,35,2023,4225000,2023
"Medford, OR MSA",United States,12.024,2022,221644,2022
Melbourne,Australia,318.677,2021,5050000,2021
"Memphis, TN-MS-AR MSA",United States,96.183,2022,1332305,2022
"Merced, CA MSA",United States,11.56,2022,290014,2022
Métropole du Grand Nancy,France,24.59,2021,427697,2021
Métropole Nice Côte d'Azur,France,47.361,2021,1101039,2021
Métropole Rouen Normandie,France,49.637,2021,499830,2021
Metropolis of Lyon,France,116.412,2021,1990000,2021
Metropolitan Area of Bogotá,Colombia,121.8,2023,10200000,2023
Metropolitan City of Bari,Italy,30.011,2020,1223102,2023
Metropolitan City of Cagliari,Italy,12.645,2020,419553,2023
Metropolitan City of Catania,Italy,22.017,2020,1068482,2023
Metropolitan City of Florence,Italy,39.496,2020,1010000,2020
Metropolitan City of Genoa,Italy,30.556,2020,564981,2021
Metropolitan City of Messina,Italy,12.441,2020,598811,2023
Metropolitan City of Palermo,Italy,25.53,2020,647160,2021
Metropolitan Cork,Ireland,117.882,2020,270000,2020
"Miami-Fort Lauderdale-Pompano Beach, FL MSA",United States,483.755,2022,6139340,2022
"Michigan City-La Porte, IN MSA",United States,5.286,2022,111675,2022
"Midland, MI MSA",United States,7.047,2022,83674,2022
"Midland, TX MSA",United States,55.015,2022,177216,2022
Milan metropolitan area,Italy,233.596,2020,6200000,2020
"Milwaukee-Waukesha, WI MSA",United States,120.563,2022,1559792,2022
"Minneapolis-St. Paul-Bloomington, MN-WI MSA",United States,333.102,2022,3693729,2022
Minsk,Belarus,19.913,2023,2050000,2023
"Missoula, MT MSA",United States,7.71,2022,121041,2022
"Mobile, AL MSA",United States,27.361,2022,426533,2022
"Modesto, CA MSA",United States,28.674,2022,551275,2022
Monaco,Monaco,6.816,2020,39150,2021
Moncton,Canada,6.031,2020,159177,2020
"Monroe, LA MSA",United States,9.65,2022,202869,2022
"Monroe, MI MSA",United States,7.119,2022,155609,2022
Monterrey,Mexico,140,2015,5324281,2020
Montevideo,Uruguay,53.9,2022,1870000,2022
"Montgomery, AL MSA",United States,22.08,2022,385460,2022
Montpellier Méditerranée Métropole,France,45.031,2021,487519,2021
"Morgantown, WV MSA",United States,9.657,2022,141041,2022
"Morristown, TN MSA",United States,6.73,2022,146172,2022
Moscow metropolitan area,Russia,504.808,2022,1740000,2022
"Mount Vernon-Anacortes, WA MSA",United States,8.773,2022,131179,2022
Mulhouse Alsace Agglomération,France,27.213,2021,356125,2021
Multan,Pakistan,12,2022,2225000,2022
Mumbai,India,277.98,2021,25600000,2021
"Muncie, IN MSA",United States,5.102,2022,112031,2022
Munich Metropolitan Region,Germany,384.582,2020,2250000,2020
Murcia metropolitan area,Spain,33.946,2020,1528828,2020
"Muskegon, MI MSA",United States,7.408,2022,176565,2022
"Myrtle Beach-Conway-North Myrtle Beach, SC-NC MSA",United States,25.132,2022,536165,2022
Nagoya,Japan,379.301,2021,10500000,2021
Nagpur,India,19,2021-22,3325000,2021
Nairobi,Kenya,30,2023,6550000,2023
Namur metropolitan area,Belgium,12.559,2021,319355,2021
Nanchang,China,83.3,2020,3875000,2020
Nanjing,China,251,2022,7519814,2020
Nanning,China,54.299,2015,7765411,2015
Nanping,China,29.104,2020,2680645,2020
Nantes,France,65.457,2021,859972,2021
"Napa, CA MSA",United States,13.166,2022,134300,2022
Naples metropolitan area,Italy,64.296,2020,4225000,2020
"Naples-Marco Island, FL MSA",United States,28.083,2022,397994,2022
"Nashville-Davidson–Murfreesboro–Franklin, TN MSA",United States,187.781,2022,2046828,2022
National Capital Region (Delhi),India,272.603,2021,31300000,2021
Neubrandenburg,Germany,8.714,2020,63043,2021
"New Bern, NC MSA",United States,6.619,2022,122488,2022
"New Haven-Milford, CT MSA",United States,61.456,2022,869527,2022
"New Orleans-Metairie, LA MSA",United States,94.031,2022,1246176,2022
"New York–Newark, NY-NJ-CT-PA CSA",United States,2163.208,2022,21914996,NaN
Newcastle,Australia,11.554,2018-19,492805,2018-19
Nicosia,Cyprus,28.407,2021,350824,2021
Niigata,Japan,43.3,2010,2374450,2010
"Niles, MI MSA",United States,9.03,2022,152900,2022
Ningde,China,37.971,2020,3146789,2020
"North Port-Sarasota-Bradenton, FL MSA",United States,49.369,2022,891411,2022
Northwest Metropolitan Region,Germany,115.73,2020,2797706,2020
"Norwich-New London, CT MSA",United States,22.049,2022,268681,2022
Nuremberg Metropolitan Region,Germany,169.195,2020,1200000,2020
Nyingchi,China,2.774,2020,238936,2020
"Ocala, FL MSA",United States,14.033,2022,396415,2022
"Ocean City, NJ MSA",United States,6.533,2022,95634,2022
Odense,Denmark,25.361,2021,205509,2021
"Odessa, TX MSA",United States,14.192,2022,160869,2022
Offenburg,Germany,20.259,2020,88600,2021
"Ogden-Clearfield, UT MSA",United States,39.168,2022,713839,2022
Okayama,Japan,63.1,2010,1945276,2010
"Oklahoma City, OK MSA",United States,94.742,2022,1459380,2022
"Olympia-Lacey-Tumwater, WA MSA",United States,17.927,2022,298758,2022
"Omaha-Council Bluffs, NE-IA MSA",United States,85.021,2022,976671,2022
Opole,Poland,8.559,2020,146522,2021
Orange,Australia,3.204,2018-19,40493,2018
Ordos,China,51.232,2020,2153638,2020
"Orlando-Kissimmee-Sanford, FL MSA",United States,194.472,2022,2764182,2022
Orléans,France,27.499,2021,453067,2021
Oshawa,Canada,10.321,2020,424757,2020
"Oshkosh-Neenah, WI MSA",United States,12.398,2022,170718,2022
Oslo,Norway,73.715,2020,1190000,2020
Osnabrück,Germany,23.005,2020,272674,2021
Ostrava metropolitan area,Czech Republic,25.054,2021,949291,2021
Ottawa–Gatineau,Canada,67.042,2020,1462582,2020
"Owensboro, KY MSA",United States,6.742,2022,121348,2022
"Oxnard-Thousand Oaks-Ventura, CA MSA",United States,62.329,2022,832605,2022
Padang Metropolitan,Indonesia,6.213,2021,1441760,2021
Paderborn,Germany,12.659,2020,309380,2021
Padua–Treviso–Venice metropolitan area,Italy,34.796,2020,2748420,2020
Palembang Metropolitan,Indonesia,16.561,2021,1740000,2021
"Palm Bay-Melbourne-Titusville, FL MSA",United States,34.626,2022,630693,2022
Palma de Mallorca metropolitan area,Spain,24.507,2020,422587,2020
Pamplona metropolitan area,Spain,21.636,2020,359435,2020
"Panama City, FL MSA",United States,11.683,2022,185134,2022
Panjin,China,18.9,2020,1030000,2020
Panzhihua,China,15.09,2020,1212203,2020
Paris metropolitan area,France,934.168,2022,11400000,2022
"Parkersburg-Vienna, WV MSA",United States,4.354,2022,88431,2022
Parma,Italy,19.202,2020,450854,2023
Patna,India,30,2022,2800000,2022
Pekanbaru Metropolitan,Indonesia,25.279,2021,1250000,2021
"Pensacola-Ferry Pass-Brent, FL MSA",United States,27.08,2022,523146,2022
"Peoria, IL MSA",United States,26.282,2022,396466,2022
Perpignan Méditerranée Métropole,France,14.43,2021,292142,2021
Perth,Australia,111.056,2018-19,2087086,2018-19
Perugia metropolitan area,Italy,18.509,2020,637598,2023
"Peterborough, Ontario",Canada,3.657,2020,131665,2020
Pforzheim,Germany,12.932,2020,215100,2021
"Philadelphia-Camden-Wilmington, PA-NJ-DE-MD MSA",United States,518.485,2022,6241164,2022
"Phoenix-Mesa-Chandler, AZ MSA",United States,362.087,2022,5015678,2022
"Pine Bluff, AR MSA",United States,4.122,2022,84629,2022
"Pittsburgh, PA MSA",United States,181.485,2022,2349172,2022
"Pittsfield, MA MSA",United States,8.155,2022,127859,2022
Ploiești,Romania,8.827,2020,180540,2021
Plzeň,Czech Republic,13.742,2021,174007,2021
"Pocatello, ID MSA",United States,4.229,2022,97585,2022
"Port St. Lucie, FL MSA",United States,24.146,2022,520710,2022
"Portland-South Portland, ME MSA",United States,43.764,2022,561576,2022
"Portland-Vancouver-Hillsboro, OR-WA MSA",United States,204.319,2022,2509489,2022
Porto Alegre,Brazil,45.506,2011,3701525,2010
Porto metropolitan area,Portugal,40.868,2021,1550000,2021
Poznań metropolitan area,Poland,33.829,2022,546859,2021
Prague metropolitan area,Czech Republic,130.085,2022,1470000,2022
Prato,Italy,8.564,2020,195213,2023
"Prescott Valley–Prescott, AZ MSA",United States,6.111,2017,236209,2020
Pretoria,South Africa,56.286,2022,7426673,2022
"Providence-Warwick, RI-MA MSA",United States,105.571,2022,1673802,2022
"Provo-Orem, UT MSA",United States,40.761,2022,715001,2022
Puebla,Mexico,31.102,2019,3903485,2020
"Pueblo, CO MSA",United States,7.836,2022,169544,2022
Pune,India,69,2016,9429408,2011
"Punta Gorda, FL MSA",United States,7.714,2022,202661,2022
Putian,China,38.333,2020,1380000,2020
Qingdao,China,222,2022,7050000,2022
Quanzhou,China,180,2022,8782285,2022
Quebec City,Canada,35.742,2020,832021,2020
Quzhou,China,23.764,2020,2276184,2020
"Racine, WI MSA",United States,9.909,2022,195846,2022
"Raleigh-Cary, NC MSA",United States,119.675,2022,1484338,2022
"Rapid City, SD MSA",United States,8.459,2022,145159,2022
"Reading, PA MSA",United States,23.751,2022,430449,2022
Recife,Brazil,22.81,2014,3741898,2010
"Redding, CA MSA",United States,9.921,2022,180930,2022
Regensburg,Germany,25.618,2020,243200,2021
Reggio Emilia metropolitan area,Italy,21.133,2020,525366,2023
"Regina, Saskatchewan",Canada,13.02,2020,263236,2020
Rennes Métropole,France,48.287,2021,624744,2021
"Reno, NV MSA",United States,40.095,2022,500915,2022
Frankfurt Rhine-Main Metropolitan Region,Germany,197.259,2020,3250000,2020
Rhine-Neckar Metropolitan Region,Germany,113.354,2020,2362000,2020
"Richmond, VA MSA",United States,109.513,2022,1339182,2022
Riga metropolitan area,Latvia,25.207,2021,663012,2021
Rio de Janeiro metropolitan area,Brazil,195.095,2021,13300000,2021
"Riverside-San Bernardino-Ontario, CA MSA",United States,237.913,2022,4667558,2022
Riyadh,Saudi Arabia,243.793,2022,8800000,2022
"Roanoke, VA MSA",United States,19.936,2022,314340,2022
"Rochester, MN MSA",United States,16.5,2022,228073,2022
"Rochester, NY MSA",United States,75.085,2022,1081152,2022
"Rockford, IL MSA",United States,18.129,2022,335342,2022
Rockhampton,Australia,5.342,2018-19,78592,2018
"Rocky Mount, NC MSA",United States,8.097,2022,144090,2022
Rome metropolitan area,Italy,175.336,2020,3575000,2020
"Rome, GA MSA",United States,4.947,2022,99443,2022
Rostock,Germany,15.661,2020,243000,2021
Rotterdam,Netherlands,112.578,2021,1876165,2020
Rzeszów,Poland,8.547,2020,195871,2021
Saarbrücken,Germany,33.295,2020,700000,2021
"Sacramento-Roseville-Folsom, CA MSA",United States,176.276,2022,2416702,2022
"Saginaw, MI MSA",United States,10.091,2022,188330,2022
"Saguenay, Quebec",Canada,6.345,2020,163335,2020
"Saint John, New Brunswick",Canada,4.747,2020,131935,2020
Saint Petersburg,Russia,128,2021,5650000,2021
Saint-Étienne Métropole,France,26.675,2021,425495,2021
"Salem, OR MSA",United States,24.075,2022,436317,2022
"Salinas, CA MSA",United States,33.249,2022,432858,2022
"Salisbury, MD-DE MSA",United States,28.573,2022,439032,2022
"Salt Lake City, UT MSA",United States,135.409,2022,1266191,2022
Salvador,Brazil,17.98,2016,3600000,2020
Salzburg,Austria,23.287,2020,157245,2020
"San Angelo, TX MSA",United States,9.238,2022,121839,2022
"San Antonio-New Braunfels, TX MSA",United States,163.061,2022,2655342,2022
"San Diego-Chula Vista-Carlsbad, CA MSA",United States,295.645,2022,3276208,2022
"San Jose-San Francisco–Oakland, CA CSA",United States,1383,2022,6518123,2022
San Juan,Puerto Rico,45.461,2021,1920000,2021
"San Luis Obispo-Paso Robles, CA MSA",United States,21.713,2022,282013,2022
San Marino,San Marino,2.034,2024,34000,2024
San Sebastián metropolitan area,Spain,24.897,2020,428187,2020
Sanmenxia,China,21.033,2020,2034872,2020
Sanming,China,39.177,2020,2486450,2020
Santa Cruz de Tenerife metropolitan area,Spain,19.575,2020,434083,2020
"Santa Cruz-Watsonville, CA MSA",United States,19.176,2022,264370,2022
"Santa Fe, NM MSA",United States,8.797,2022,155664,2022
"Santa Maria-Santa Barbara, CA MSA",United States,36.081,2022,443837,2022
"Santa Rosa-Petaluma, CA MSA",United States,36.877,2022,482650,2022
Santander metropolitan area,Spain,14.665,2020,256025,2020
Santiago Metropolitan Region,Chile,128.8,2023,8050000,2023
Santiago de Cali,Colombia,22.1,2023,2925000,2023
Santos,Brazil,28.609,2011,1556718,2010
São José dos Campos,Brazil,30.148,2011,1419657,2010
São José dos Pinhais,Brazil,14.726,2011,264210,2010
Sapporo,Japan,84.7,2010,1913545,2010
Saskatoon,Canada,15.059,2020,336850,2020
"Savannah, GA MSA",United States,29.452,2022,418373,2022
Schweinfurt,Germany,12.847,2020,100500,2021
"Scranton–Wilkes-Barre, PA MSA",United States,32.328,2022,567998,2022
"Seattle-Tacoma-Bellevue, WA MSA",United States,517.803,2022,4034248,2022
"Sebastian-Vero Beach, FL MSA",United States,9.573,2022,167352,2022
"Sebring-Avon Park, FL MSA",United States,3.215,2022,105618,2022
Semarang Metropolitan,Indonesia,26.057,2021,2275000,2021
Sendai,Japan,50,2015,1082159,2015
Seoul Capital Area,South Korea,878.535,2022,24800000,2022
Seville metropolitan area,Spain,42.016,2020,1290000,2020
Shanghai,China,663.874,2022,24890106,2020
Shantou,China,34.8,2017,5502031,2020
Shaoxing,China,86.999,2020,5270977,2020
"Sheboygan, WI MSA",United States,8.087,2022,117841,2022
Sheffield,United Kingdom,40.6,2020,1570000,2020
Shenyang,China,95.276,2020,8000000,2020
Sherbrooke,Canada,7.02,2020,224456,2020
"Sherman-Denison, TX MSA",United States,6.331,2022,143131,2022
Shijiazhuang,China,81.252,2018,11235086,2020
Shizuishan,China,7.853,2020,751389,2020
Shizuoka,Japan,45.8,2010,3765007,2010
"Shreveport-Bossier City, LA MSA",United States,27.363,2022,385154,2022
Shuozhou,China,15.955,2020,1593444,2020
Siegen,Germany,16.336,2020,101516,2021
"Sierra Vista-Douglas, AZ MSA",United States,5.698,2022,125663,2022
Singapore,Singapore,525.228,2024,5938000,2024
"Sioux City, IA-NE-SD MSA",United States,10.918,2022,149240,2022
"Sioux Falls, SD MSA",United States,27.77,2022,289592,2022
Sofia metropolitan area,Bulgaria,33.042,2020,1300000,2020
Sorocaba,Brazil,21.313,2011,779704,2010
"South Bend-Mishawaka, IN-MI MSA",United States,19.042,2022,323637,2022
"Spartanburg, SC MSA",United States,19.485,2022,345831,2022
"Spokane-Spokane Valley, WA MSA",United States,35.689,2022,597919,2022
"Springfield, IL MSA",United States,13.952,2022,206655,2022
"Springfield, MA MSA",United States,40.11,2022,694523,2022
"Springfield, MO MSA",United States,26.687,2022,487061,2022
"Springfield, OH MSA",United States,5.5,2022,134831,2022
St. Catharines–Niagara Falls,Canada,12.979,2020,437080,2020
"St. Cloud, MN MSA",United States,12.943,2022,201868,2022
"St. George, UT MSA",United States,9.561,2022,197680,2022
"St. John's, Newfoundland and Labrador",Canada,9.628,2020,213919,2020
"St. Joseph, MO-KS MSA",United States,6.873,2022,119690,2022
"St. Louis, MO-IL MSA",United States,209.936,2022,2801319,2022
"State College, PA MSA",United States,10.325,2022,158425,2022
"Staunton, VA MSA",United States,6.332,2022,126776,2022
Stockholm metropolitan area,Sweden,203.899,2021,2250000,2021
"Stockton, CA MSA",United States,40.228,2022,793229,2022
Strasbourg,France,49.09,2021,1150899,2021
Stuttgart Metropolitan Region,Germany,294.957,2020,2400000,2020
"Sumter, SC MSA",United States,5.801,2022,134925,2022
Sunshine Coast,Australia,13.813,2018-19,333436,2018
Surabaya Metropolitan,Indonesia,88.821,2021,6150000,2021
Surat,India,59.8,2017,6600000,2020
Sydney,Australia,398.037,2021,5400000,2021
"Syracuse, NY MSA",United States,49.281,2022,653633,2022
Szczecin metropolitan area,Poland,13.822,2020,750000,2020
Taichung,Taiwan,63.91,2016,3033840,2020
Tainan,Taiwan,37.038,2016,1875076,2020
Taipei–Keelung metropolitan area,Taiwan,407.838,2021,9150000,2021
Taiyuan,China,60.215,2020,4125000,2020
"Taizhou, Jiangsu",China,77.015,2020,4512762,2020
"Taizhou, Zhejiang",China,76.3,2020,6622888,2020
"Tallahassee, FL MSA",United States,22.394,2022,390992,2022
Tallinn metropolitan area,Estonia,22.797,2022,638076,2023
"Tampa-St. Petersburg-Clearwater, FL MSA",United States,219.414,2022,3290730,2022
Tampere,Finland,23.987,2020,241009,2020
Tangshan,China,132,2022,2600000,2022
Taoyuan,Taiwan,52.01,2016,2254363,2020
Taranto metropolitan area,Italy,11.518,2020,555999,2023
Tbilisi,Georgia,8,2017,1184818,2020
Tel Aviv metropolitan area,Israel,310,2022,2775000,2022
"Terre Haute, IN MSA",United States,9.774,2022,184875,2022
"Texarkana, TX-AR MSA",United States,6.746,2022,146408,2022
The Hague,Netherlands,60.105,2020,1116798,2020
"The Villages, FL MSA",United States,5.785,2022,144970,2022
Thessaloniki,Greece,16.452,2020,1104023,2020
Thunder Bay,Canada,4.658,2020,126502,2020
Tilburg,Netherlands,21.869,2020,221947,2021
Timișoara metropolitan area,Romania,11.526,2020,430071,2021
Tokelau,Tokelau,0.009,2015-16,1499,2016
"Toledo, OH MSA",United States,45.846,2022,640384,2022
Toowoomba,Australia,7.118,2018-19,136861,2018
"Topeka, KS MSA",United States,14.388,2022,231783,2022
Toulouse Métropole,France,65.456,2020,1040000,2020
Tours Métropole Val de Loire,France,23.795,2021,392030,2021
Townsville,Australia,9.075,2018-19,180820,2018
"Trenton-Princeton, NJ MSA",United States,49.62,2022,380688,2022
Trois-Rivières,Canada,5.134,2020,163374,2020
"Tucson, AZ MSA",United States,55.8,2022,1057597,2022
"Tulsa, OK MSA",United States,61.966,2022,1034123,2022
Turin metropolitan area,Italy,78.268,2020,1640000,2020
Turku metropolitan area,Finland,21.939,2020,346662,2020
"Tuscaloosa, AL MSA",United States,13.818,2022,277494,2022
"Twin Falls, Idaho",United States,5.878,2021,116645,2021
"Tyler, TX MSA",United States,14.729,2022,241922,2022
Uberlandia,Brazil,14.728,2011,604013,2010
Ulm,Germany,26.464,2020,126949,2021
Uppsala,Sweden,19.237,2020,388394,2020
"Urban Honolulu, HI MSA",United States,74.422,2022,995638,2022
Ürümqi,China,48.385,2020,4050000,2020
"Utica-Rome, NY MSA",United States,15.115,2022,288668,2022
Utrecht,Netherlands,88.005,2020,1356430,2020
"Valdosta, GA MSA",United States,7.132,2022,149849,2022
Valencia metropolitan area,Spain,64.435,2020,2000000,2020
Valladolid,Spain,15.309,2020,371861,2020
"Vallejo, CA MSA",United States,35.408,2022,448747,2022
Valletta,Malta,17.72,2021,480134,2020
Verona metropolitan area,Italy,34.169,2020,915975,2020
"Victoria, British Columbia",Canada,16.789,2020,409398,2020
"Victoria, TX MSA",United States,5.907,2022,98196,2022
Vienna,Austria,165.968,2022,3004660,2020
Vigo metropolitan area,Spain,22.987,2020,321748,2020
Vilnius urban area,Lithuania,30.915,2022,868341,2022
"Vineland-Bridgeton, NJ MSA",United States,7.831,2022,151356,2022
"Virginia Beach-Norfolk-Newport News, VA-NC MSA",United States,116.686,2022,1806840,2022
"Visalia, CA MSA",United States,22.794,2022,477544,2022
Vishakhapatnam,India,43.5,2017,2200000,2020
Vitória,Brazil,28.357,2011,1582418,2010
Vitoria-Gasteiz,Spain,13.403,2020,253996,2020
"Waco, TX MSA",United States,16.276,2022,283885,2022
Wagga Wagga,Australia,4.392,2018-19,56442,2018
"Walla Walla, WA MSA",United States,4.134,2022,61890,2022
"Warner Robins, GA MSA",United States,9.812,2022,198193,2022
Warsaw metropolitan area,Poland,135.343,2022,2375000,2022
"Washington-Arlington-Alexandria, DC-VA-MD-WV MSA",United States,660.626,2022,6373756,2022
"Waterloo-Cedar Falls, IA MSA",United States,11.824,2022,167889,2022
"Watertown-Fort Drum, NY MSA",United States,7.598,2022,116637,2022
"Wausau-Weston, WI MSA",United States,12.065,2022,166334,2022
Weihai,China,43.753,2020,1200000,2020
"Weirton-Steubenville, WV-OH MSA",United States,7.446,2022,114235,2022
Wellington,New Zealand,26.607,2022,440900,2022
"Wenatchee, WA MSA",United States,8.355,2022,124118,2022
Wenzhou,China,119.2,2022,5050000,2022
Wetzlar,Germany,9.957,2020,278200,2021
"Wheeling, WV-OH MSA",United States,12.603,2022,136708,2022
"Wichita Falls, TX MSA",United States,7.59,2022,149299,2022
"Wichita, KS MSA",United States,43.935,2022,650039,2022
"Williamsport, PA MSA",United States,7.04,2022,113104,2022
"Wilmington, NC MSA",United States,20.127,2022,300658,2022
"Winchester, VA-WV MSA",United States,9.181,2022,146455,2022
"Windsor, Ontario",Canada,12.243,2020,353572,2020
Winnipeg Metropolitan Region,Canada,33.557,2020,850558,2020
"Winston-Salem, NC MSA",United States,40.94,2022,688471,2022
Wollongong,Australia,5.624,2018-19,300332,2018-19
"Worcester, MA-CT MSA",United States,60.343,2022,980137,2022
Wrocław metropolitan area,Poland,17.387,2020,672929,2021
Wuhai,China,8.165,2020,556621,2020
Wuhan,China,281,2022,10800000,2022
Wuhu,China,54.412,2020,1480000,2020
Xi'an,China,171,2022,11600000,2022
Xiamen,China,92.557,2020,10000000,2020
Xiangtan,China,33.971,2020,1400000,2020
Xiangyang,China,66.72,2020,1880000,2020
Xilingol League,China,12.176,2020,1107075,2020
Xinyu,China,14.517,2020,1202499,2020
Xuchang,China,50.008,2020,4379998,2020
Xuzhou,China,126,2022,3050000,2022
"Yakima, WA MSA",United States,13.038,2022,257001,2022
Yan'an,China,23.219,2020,2282581,2020
Yancheng,China,86.314,2020,1420000,2020
Yangzhou,China,87.69,2020,1950000,2020
Yantai,China,142,2022,2450000,2022
Yerevan,Armenia,5.23,2018,1500000,2020
Yichang,China,61.783,2020,1380000,2020
Yingtan,China,14.29,2020,1154223,2020
"York-Hanover, PA MSA",United States,25.187,2022,461058,2022
"Youngstown-Warren-Boardman, OH-PA MSA",United States,24.99,2022,535499,2022
"Yuba City, CA MSA",United States,8.608,2022,182813,2022
Yueyang,China,58.015,2020,1150000,2020
"Yulin, Shaanxi",China,59.293,2020,3624750,2020
"Yuma, AZ MSA",United States,9.883,2022,207842,2022
Yuxi,China,29.84,2020,2249502,2020
Zagreb metropolitan area,Croatia,29.63,2021,1189279,2021
Zaragoza metropolitan area,Spain,29.702,2020,681877,2020
Zhangzhou,China,65.903,2020,5054328,2020
Zhengzhou,China,192,2022,8950000,2022
Zhenjiang,China,61.182,2020,1150000,2020
Zhuzhou,China,45.029,2020,1330000,2020
Zibo,China,53.26,2020,3525000,2020
Zürich Metropolitan Area,Switzerland,158.913,2020,1430000,2020
Zwolle,Netherlands,17.936,2020,129840,2021
